question_id,career_field,difficulty,question,option_a,option_b,option_c,option_d,correct_answer
1,Web Development,Easy,What is the primary goal of Web Development?,Learning core concepts and tools,Ignoring documentation,Avoiding practical projects,Working without planning,A
2,Web Development,Easy,Which technology is most commonly associated with Web Development?,Learning core concepts and tools,Ignoring documentation,Avoiding practical projects,Working without planning,A
3,Web Development,Easy,Which skill is most important for beginners in Web Development?,Learning core concepts and tools,Ignoring documentation,Avoiding practical projects,Working without planning,A
4,Web Development,Easy,What is a common tool used in Web Development?,Learning core concepts and tools,Ignoring documentation,Avoiding practical projects,Working without planning,A
5,Web Development,Easy,What does a beginner typically learn first in Web Development?,Learning core concepts and tools,Ignoring documentation,Avoiding practical projects,Working without planning,A
6,Web Development,Easy,Which of the following best describes Web Development?,Learning core concepts and tools,Ignoring documentation,Avoiding practical projects,Working without planning,A
7,Web Development,Easy,What is a basic concept in Web Development?,Learning core concepts and tools,Ignoring documentation,Avoiding practical projects,Working without planning,A
8,Web Development,Easy,Why is Web Development important in software projects?,Learning core concepts and tools,Ignoring documentation,Avoiding practical projects,Working without planning,A
9,Web Development,Easy,Which language is frequently used in Web Development?,Learning core concepts and tools,Ignoring documentation,Avoiding practical projects,Working without planning,A
10,Web Development,Easy,What is a common beginner project in Web Development?,Learning core concepts and tools,Ignoring documentation,Avoiding practical projects,Working without planning,A
11,Web Development,Medium,Which practice improves maintainability in Web Development projects?,Using structured development practices,Skipping testing completely,Avoiding collaboration,Never updating dependencies,A
12,Web Development,Medium,Which framework or tool is commonly used in Web Development?,Using structured development practices,Skipping testing completely,Avoiding collaboration,Never updating dependencies,A
13,Web Development,Medium,What is an important consideration when designing Web Development solutions?,Using structured development practices,Skipping testing completely,Avoiding collaboration,Never updating dependencies,A
14,Web Development,Medium,How can performance be improved in Web Development?,Using structured development practices,Skipping testing completely,Avoiding collaboration,Never updating dependencies,A
15,Web Development,Medium,Which workflow is commonly followed in Web Development projects?,Using structured development practices,Skipping testing completely,Avoiding collaboration,Never updating dependencies,A
16,Web Development,Medium,What is a key advantage of automation in Web Development?,Using structured development practices,Skipping testing completely,Avoiding collaboration,Never updating dependencies,A
17,Web Development,Medium,Which testing approach is relevant to Web Development?,Using structured development practices,Skipping testing completely,Avoiding collaboration,Never updating dependencies,A
18,Web Development,Medium,What is a common deployment strategy for Web Development applications?,Using structured development practices,Skipping testing completely,Avoiding collaboration,Never updating dependencies,A
19,Web Development,Medium,Why is version control important in Web Development?,Using structured development practices,Skipping testing completely,Avoiding collaboration,Never updating dependencies,A
20,Web Development,Medium,Which architectural pattern is often used in Web Development?,Using structured development practices,Skipping testing completely,Avoiding collaboration,Never updating dependencies,A
21,Web Development,Hard,Which approach best supports scalability in Web Development?,Applying scalable and maintainable engineering practices,Hard-coding every component,Avoiding monitoring and testing,Ignoring security considerations,A
22,Web Development,Hard,What is the main benefit of modular architecture in Web Development?,Applying scalable and maintainable engineering practices,Hard-coding every component,Avoiding monitoring and testing,Ignoring security considerations,A
23,Web Development,Hard,Which design principle is most applicable to advanced Web Development systems?,Applying scalable and maintainable engineering practices,Hard-coding every component,Avoiding monitoring and testing,Ignoring security considerations,A
24,Web Development,Hard,How can reliability be improved in large-scale Web Development projects?,Applying scalable and maintainable engineering practices,Hard-coding every component,Avoiding monitoring and testing,Ignoring security considerations,A
25,Web Development,Hard,Which factor is critical when optimizing Web Development applications?,Applying scalable and maintainable engineering practices,Hard-coding every component,Avoiding monitoring and testing,Ignoring security considerations,A
26,Web Development,Hard,What is a major challenge in enterprise-level Web Development?,Applying scalable and maintainable engineering practices,Hard-coding every component,Avoiding monitoring and testing,Ignoring security considerations,A
27,Web Development,Hard,Which strategy best supports secure Web Development development?,Applying scalable and maintainable engineering practices,Hard-coding every component,Avoiding monitoring and testing,Ignoring security considerations,A
28,Web Development,Hard,Why is observability important in complex Web Development systems?,Applying scalable and maintainable engineering practices,Hard-coding every component,Avoiding monitoring and testing,Ignoring security considerations,A
29,Web Development,Hard,Which approach helps reduce technical debt in Web Development?,Applying scalable and maintainable engineering practices,Hard-coding every component,Avoiding monitoring and testing,Ignoring security considerations,A
30,Web Development,Hard,What is a key characteristic of production-ready Web Development solutions?,Applying scalable and maintainable engineering practices,Hard-coding every component,Avoiding monitoring and testing,Ignoring security considerations,A
31,Frontend Development,Easy,What is the primary goal of Frontend Development?,Learning core concepts and tools,Ignoring documentation,Avoiding practical projects,Working without planning,A
32,Frontend Development,Easy,Which technology is most commonly associated with Frontend Development?,Learning core concepts and tools,Ignoring documentation,Avoiding practical projects,Working without planning,A
33,Frontend Development,Easy,Which skill is most important for beginners in Frontend Development?,Learning core concepts and tools,Ignoring documentation,Avoiding practical projects,Working without planning,A
34,Frontend Development,Easy,What is a common tool used in Frontend Development?,Learning core concepts and tools,Ignoring documentation,Avoiding practical projects,Working without planning,A
35,Frontend Development,Easy,What does a beginner typically learn first in Frontend Development?,Learning core concepts and tools,Ignoring documentation,Avoiding practical projects,Working without planning,A
36,Frontend Development,Easy,Which of the following best describes Frontend Development?,Learning core concepts and tools,Ignoring documentation,Avoiding practical projects,Working without planning,A
37,Frontend Development,Easy,What is a basic concept in Frontend Development?,Learning core concepts and tools,Ignoring documentation,Avoiding practical projects,Working without planning,A
38,Frontend Development,Easy,Why is Frontend Development important in software projects?,Learning core concepts and tools,Ignoring documentation,Avoiding practical projects,Working without planning,A
39,Frontend Development,Easy,Which language is frequently used in Frontend Development?,Learning core concepts and tools,Ignoring documentation,Avoiding practical projects,Working without planning,A
40,Frontend Development,Easy,What is a common beginner project in Frontend Development?,Learning core concepts and tools,Ignoring documentation,Avoiding practical projects,Working without planning,A
41,Frontend Development,Medium,Which practice improves maintainability in Frontend Development projects?,Using structured development practices,Skipping testing completely,Avoiding collaboration,Never updating dependencies,A
42,Frontend Development,Medium,Which framework or tool is commonly used in Frontend Development?,Using structured development practices,Skipping testing completely,Avoiding collaboration,Never updating dependencies,A
43,Frontend Development,Medium,What is an important consideration when designing Frontend Development solutions?,Using structured development practices,Skipping testing completely,Avoiding collaboration,Never updating dependencies,A
44,Frontend Development,Medium,How can performance be improved in Frontend Development?,Using structured development practices,Skipping testing completely,Avoiding collaboration,Never updating dependencies,A
45,Frontend Development,Medium,Which workflow is commonly followed in Frontend Development projects?,Using structured development practices,Skipping testing completely,Avoiding collaboration,Never updating dependencies,A
46,Frontend Development,Medium,What is a key advantage of automation in Frontend Development?,Using structured development practices,Skipping testing completely,Avoiding collaboration,Never updating dependencies,A
47,Frontend Development,Medium,Which testing approach is relevant to Frontend Development?,Using structured development practices,Skipping testing completely,Avoiding collaboration,Never updating dependencies,A
48,Frontend Development,Medium,What is a common deployment strategy for Frontend Development applications?,Using structured development practices,Skipping testing completely,Avoiding collaboration,Never updating dependencies,A
49,Frontend Development,Medium,Why is version control important in Frontend Development?,Using structured development practices,Skipping testing completely,Avoiding collaboration,Never updating dependencies,A
50,Frontend Development,Medium,Which architectural pattern is often used in Frontend Development?,Using structured development practices,Skipping testing completely,Avoiding collaboration,Never updating dependencies,A
51,Frontend Development,Hard,Which approach best supports scalability in Frontend Development?,Applying scalable and maintainable engineering practices,Hard-coding every component,Avoiding monitoring and testing,Ignoring security considerations,A
52,Frontend Development,Hard,What is the main benefit of modular architecture in Frontend Development?,Applying scalable and maintainable engineering practices,Hard-coding every component,Avoiding monitoring and testing,Ignoring security considerations,A
53,Frontend Development,Hard,Which design principle is most applicable to advanced Frontend Development systems?,Applying scalable and maintainable engineering practices,Hard-coding every component,Avoiding monitoring and testing,Ignoring security considerations,A
54,Frontend Development,Hard,How can reliability be improved in large-scale Frontend Development projects?,Applying scalable and maintainable engineering practices,Hard-coding every component,Avoiding monitoring and testing,Ignoring security considerations,A
55,Frontend Development,Hard,Which factor is critical when optimizing Frontend Development applications?,Applying scalable and maintainable engineering practices,Hard-coding every component,Avoiding monitoring and testing,Ignoring security considerations,A
56,Frontend Development,Hard,What is a major challenge in enterprise-level Frontend Development?,Applying scalable and maintainable engineering practices,Hard-coding every component,Avoiding monitoring and testing,Ignoring security considerations,A
57,Frontend Development,Hard,Which strategy best supports secure Frontend Development development?,Applying scalable and maintainable engineering practices,Hard-coding every component,Avoiding monitoring and testing,Ignoring security considerations,A
58,Frontend Development,Hard,Why is observability important in complex Frontend Development systems?,Applying scalable and maintainable engineering practices,Hard-coding every component,Avoiding monitoring and testing,Ignoring security considerations,A
59,Frontend Development,Hard,Which approach helps reduce technical debt in Frontend Development?,Applying scalable and maintainable engineering practices,Hard-coding every component,Avoiding monitoring and testing,Ignoring security considerations,A
60,Frontend Development,Hard,What is a key characteristic of production-ready Frontend Development solutions?,Applying scalable and maintainable engineering practices,Hard-coding every component,Avoiding monitoring and testing,Ignoring security considerations,A
61,Backend Development,Easy,What is the primary goal of Backend Development?,Learning core concepts and tools,Ignoring documentation,Avoiding practical projects,Working without planning,A
62,Backend Development,Easy,Which technology is most commonly associated with Backend Development?,Learning core concepts and tools,Ignoring documentation,Avoiding practical projects,Working without planning,A
63,Backend Development,Easy,Which skill is most important for beginners in Backend Development?,Learning core concepts and tools,Ignoring documentation,Avoiding practical projects,Working without planning,A
64,Backend Development,Easy,What is a common tool used in Backend Development?,Learning core concepts and tools,Ignoring documentation,Avoiding practical projects,Working without planning,A
65,Backend Development,Easy,What does a beginner typically learn first in Backend Development?,Learning core concepts and tools,Ignoring documentation,Avoiding practical projects,Working without planning,A
66,Backend Development,Easy,Which of the following best describes Backend Development?,Learning core concepts and tools,Ignoring documentation,Avoiding practical projects,Working without planning,A
67,Backend Development,Easy,What is a basic concept in Backend Development?,Learning core concepts and tools,Ignoring documentation,Avoiding practical projects,Working without planning,A
68,Backend Development,Easy,Why is Backend Development important in software projects?,Learning core concepts and tools,Ignoring documentation,Avoiding practical projects,Working without planning,A
69,Backend Development,Easy,Which language is frequently used in Backend Development?,Learning core concepts and tools,Ignoring documentation,Avoiding practical projects,Working without planning,A
70,Backend Development,Easy,What is a common beginner project in Backend Development?,Learning core concepts and tools,Ignoring documentation,Avoiding practical projects,Working without planning,A
71,Backend Development,Medium,Which practice improves maintainability in Backend Development projects?,Using structured development practices,Skipping testing completely,Avoiding collaboration,Never updating dependencies,A
72,Backend Development,Medium,Which framework or tool is commonly used in Backend Development?,Using structured development practices,Skipping testing completely,Avoiding collaboration,Never updating dependencies,A
73,Backend Development,Medium,What is an important consideration when designing Backend Development solutions?,Using structured development practices,Skipping testing completely,Avoiding collaboration,Never updating dependencies,A
74,Backend Development,Medium,How can performance be improved in Backend Development?,Using structured development practices,Skipping testing completely,Avoiding collaboration,Never updating dependencies,A
75,Backend Development,Medium,Which workflow is commonly followed in Backend Development projects?,Using structured development practices,Skipping testing completely,Avoiding collaboration,Never updating dependencies,A
76,Backend Development,Medium,What is a key advantage of automation in Backend Development?,Using structured development practices,Skipping testing completely,Avoiding collaboration,Never updating dependencies,A
77,Backend Development,Medium,Which testing approach is relevant to Backend Development?,Using structured development practices,Skipping testing completely,Avoiding collaboration,Never updating dependencies,A
78,Backend Development,Medium,What is a common deployment strategy for Backend Development applications?,Using structured development practices,Skipping testing completely,Avoiding collaboration,Never updating dependencies,A
79,Backend Development,Medium,Why is version control important in Backend Development?,Using structured development practices,Skipping testing completely,Avoiding collaboration,Never updating dependencies,A
80,Backend Development,Medium,Which architectural pattern is often used in Backend Development?,Using structured development practices,Skipping testing completely,Avoiding collaboration,Never updating dependencies,A
81,Backend Development,Hard,Which approach best supports scalability in Backend Development?,Applying scalable and maintainable engineering practices,Hard-coding every component,Avoiding monitoring and testing,Ignoring security considerations,A
82,Backend Development,Hard,What is the main benefit of modular architecture in Backend Development?,Applying scalable and maintainable engineering practices,Hard-coding every component,Avoiding monitoring and testing,Ignoring security considerations,A
83,Backend Development,Hard,Which design principle is most applicable to advanced Backend Development systems?,Applying scalable and maintainable engineering practices,Hard-coding every component,Avoiding monitoring and testing,Ignoring security considerations,A
84,Backend Development,Hard,How can reliability be improved in large-scale Backend Development projects?,Applying scalable and maintainable engineering practices,Hard-coding every component,Avoiding monitoring and testing,Ignoring security considerations,A
85,Backend Development,Hard,Which factor is critical when optimizing Backend Development applications?,Applying scalable and maintainable engineering practices,Hard-coding every component,Avoiding monitoring and testing,Ignoring security considerations,A
86,Backend Development,Hard,What is a major challenge in enterprise-level Backend Development?,Applying scalable and maintainable engineering practices,Hard-coding every component,Avoiding monitoring and testing,Ignoring security considerations,A
87,Backend Development,Hard,Which strategy best supports secure Backend Development development?,Applying scalable and maintainable engineering practices,Hard-coding every component,Avoiding monitoring and testing,Ignoring security considerations,A
88,Backend Development,Hard,Why is observability important in complex Backend Development systems?,Applying scalable and maintainable engineering practices,Hard-coding every component,Avoiding monitoring and testing,Ignoring security considerations,A
89,Backend Development,Hard,Which approach helps reduce technical debt in Backend Development?,Applying scalable and maintainable engineering practices,Hard-coding every component,Avoiding monitoring and testing,Ignoring security considerations,A
90,Backend Development,Hard,What is a key characteristic of production-ready Backend Development solutions?,Applying scalable and maintainable engineering practices,Hard-coding every component,Avoiding monitoring and testing,Ignoring security considerations,A
91,Full Stack Development,Easy,What is the primary goal of Full Stack Development?,Learning core concepts and tools,Ignoring documentation,Avoiding practical projects,Working without planning,A
92,Full Stack Development,Easy,Which technology is most commonly associated with Full Stack Development?,Learning core concepts and tools,Ignoring documentation,Avoiding practical projects,Working without planning,A
93,Full Stack Development,Easy,Which skill is most important for beginners in Full Stack Development?,Learning core concepts and tools,Ignoring documentation,Avoiding practical projects,Working without planning,A
94,Full Stack Development,Easy,What is a common tool used in Full Stack Development?,Learning core concepts and tools,Ignoring documentation,Avoiding practical projects,Working without planning,A
95,Full Stack Development,Easy,What does a beginner typically learn first in Full Stack Development?,Learning core concepts and tools,Ignoring documentation,Avoiding practical projects,Working without planning,A
96,Full Stack Development,Easy,Which of the following best describes Full Stack Development?,Learning core concepts and tools,Ignoring documentation,Avoiding practical projects,Working without planning,A
97,Full Stack Development,Easy,What is a basic concept in Full Stack Development?,Learning core concepts and tools,Ignoring documentation,Avoiding practical projects,Working without planning,A
98,Full Stack Development,Easy,Why is Full Stack Development important in software projects?,Learning core concepts and tools,Ignoring documentation,Avoiding practical projects,Working without planning,A
99,Full Stack Development,Easy,Which language is frequently used in Full Stack Development?,Learning core concepts and tools,Ignoring documentation,Avoiding practical projects,Working without planning,A
100,Full Stack Development,Easy,What is a common beginner project in Full Stack Development?,Learning core concepts and tools,Ignoring documentation,Avoiding practical projects,Working without planning,A
101,Full Stack Development,Medium,Which practice improves maintainability in Full Stack Development projects?,Using structured development practices,Skipping testing completely,Avoiding collaboration,Never updating dependencies,A
102,Full Stack Development,Medium,Which framework or tool is commonly used in Full Stack Development?,Using structured development practices,Skipping testing completely,Avoiding collaboration,Never updating dependencies,A
103,Full Stack Development,Medium,What is an important consideration when designing Full Stack Development solutions?,Using structured development practices,Skipping testing completely,Avoiding collaboration,Never updating dependencies,A
104,Full Stack Development,Medium,How can performance be improved in Full Stack Development?,Using structured development practices,Skipping testing completely,Avoiding collaboration,Never updating dependencies,A
105,Full Stack Development,Medium,Which workflow is commonly followed in Full Stack Development projects?,Using structured development practices,Skipping testing completely,Avoiding collaboration,Never updating dependencies,A
106,Full Stack Development,Medium,What is a key advantage of automation in Full Stack Development?,Using structured development practices,Skipping testing completely,Avoiding collaboration,Never updating dependencies,A
107,Full Stack Development,Medium,Which testing approach is relevant to Full Stack Development?,Using structured development practices,Skipping testing completely,Avoiding collaboration,Never updating dependencies,A
108,Full Stack Development,Medium,What is a common deployment strategy for Full Stack Development applications?,Using structured development practices,Skipping testing completely,Avoiding collaboration,Never updating dependencies,A
109,Full Stack Development,Medium,Why is version control important in Full Stack Development?,Using structured development practices,Skipping testing completely,Avoiding collaboration,Never updating dependencies,A
110,Full Stack Development,Medium,Which architectural pattern is often used in Full Stack Development?,Using structured development practices,Skipping testing completely,Avoiding collaboration,Never updating dependencies,A
111,Full Stack Development,Hard,Which approach best supports scalability in Full Stack Development?,Applying scalable and maintainable engineering practices,Hard-coding every component,Avoiding monitoring and testing,Ignoring security considerations,A
112,Full Stack Development,Hard,What is the main benefit of modular architecture in Full Stack Development?,Applying scalable and maintainable engineering practices,Hard-coding every component,Avoiding monitoring and testing,Ignoring security considerations,A
113,Full Stack Development,Hard,Which design principle is most applicable to advanced Full Stack Development systems?,Applying scalable and maintainable engineering practices,Hard-coding every component,Avoiding monitoring and testing,Ignoring security considerations,A
114,Full Stack Development,Hard,How can reliability be improved in large-scale Full Stack Development projects?,Applying scalable and maintainable engineering practices,Hard-coding every component,Avoiding monitoring and testing,Ignoring security considerations,A
115,Full Stack Development,Hard,Which factor is critical when optimizing Full Stack Development applications?,Applying scalable and maintainable engineering practices,Hard-coding every component,Avoiding monitoring and testing,Ignoring security considerations,A
116,Full Stack Development,Hard,What is a major challenge in enterprise-level Full Stack Development?,Applying scalable and maintainable engineering practices,Hard-coding every component,Avoiding monitoring and testing,Ignoring security considerations,A
117,Full Stack Development,Hard,Which strategy best supports secure Full Stack Development development?,Applying scalable and maintainable engineering practices,Hard-coding every component,Avoiding monitoring and testing,Ignoring security considerations,A
118,Full Stack Development,Hard,Why is observability important in complex Full Stack Development systems?,Applying scalable and maintainable engineering practices,Hard-coding every component,Avoiding monitoring and testing,Ignoring security considerations,A
119,Full Stack Development,Hard,Which approach helps reduce technical debt in Full Stack Development?,Applying scalable and maintainable engineering practices,Hard-coding every component,Avoiding monitoring and testing,Ignoring security considerations,A
120,Full Stack Development,Hard,What is a key characteristic of production-ready Full Stack Development solutions?,Applying scalable and maintainable engineering practices,Hard-coding every component,Avoiding monitoring and testing,Ignoring security considerations,A
121,Mobile App Development,Easy,What is the primary goal of Mobile App Development?,Learning core concepts and tools,Ignoring documentation,Avoiding practical projects,Working without planning,A
122,Mobile App Development,Easy,Which technology is most commonly associated with Mobile App Development?,Learning core concepts and tools,Ignoring documentation,Avoiding practical projects,Working without planning,A
123,Mobile App Development,Easy,Which skill is most important for beginners in Mobile App Development?,Learning core concepts and tools,Ignoring documentation,Avoiding practical projects,Working without planning,A
124,Mobile App Development,Easy,What is a common tool used in Mobile App Development?,Learning core concepts and tools,Ignoring documentation,Avoiding practical projects,Working without planning,A
125,Mobile App Development,Easy,What does a beginner typically learn first in Mobile App Development?,Learning core concepts and tools,Ignoring documentation,Avoiding practical projects,Working without planning,A
126,Mobile App Development,Easy,Which of the following best describes Mobile App Development?,Learning core concepts and tools,Ignoring documentation,Avoiding practical projects,Working without planning,A
127,Mobile App Development,Easy,What is a basic concept in Mobile App Development?,Learning core concepts and tools,Ignoring documentation,Avoiding practical projects,Working without planning,A
128,Mobile App Development,Easy,Why is Mobile App Development important in software projects?,Learning core concepts and tools,Ignoring documentation,Avoiding practical projects,Working without planning,A
129,Mobile App Development,Easy,Which language is frequently used in Mobile App Development?,Learning core concepts and tools,Ignoring documentation,Avoiding practical projects,Working without planning,A
130,Mobile App Development,Easy,What is a common beginner project in Mobile App Development?,Learning core concepts and tools,Ignoring documentation,Avoiding practical projects,Working without planning,A
131,Mobile App Development,Medium,Which practice improves maintainability in Mobile App Development projects?,Using structured development practices,Skipping testing completely,Avoiding collaboration,Never updating dependencies,A
132,Mobile App Development,Medium,Which framework or tool is commonly used in Mobile App Development?,Using structured development practices,Skipping testing completely,Avoiding collaboration,Never updating dependencies,A
133,Mobile App Development,Medium,What is an important consideration when designing Mobile App Development solutions?,Using structured development practices,Skipping testing completely,Avoiding collaboration,Never updating dependencies,A
134,Mobile App Development,Medium,How can performance be improved in Mobile App Development?,Using structured development practices,Skipping testing completely,Avoiding collaboration,Never updating dependencies,A
135,Mobile App Development,Medium,Which workflow is commonly followed in Mobile App Development projects?,Using structured development practices,Skipping testing completely,Avoiding collaboration,Never updating dependencies,A
136,Mobile App Development,Medium,What is a key advantage of automation in Mobile App Development?,Using structured development practices,Skipping testing completely,Avoiding collaboration,Never updating dependencies,A
137,Mobile App Development,Medium,Which testing approach is relevant to Mobile App Development?,Using structured development practices,Skipping testing completely,Avoiding collaboration,Never updating dependencies,A
138,Mobile App Development,Medium,What is a common deployment strategy for Mobile App Development applications?,Using structured development practices,Skipping testing completely,Avoiding collaboration,Never updating dependencies,A
139,Mobile App Development,Medium,Why is version control important in Mobile App Development?,Using structured development practices,Skipping testing completely,Avoiding collaboration,Never updating dependencies,A
140,Mobile App Development,Medium,Which architectural pattern is often used in Mobile App Development?,Using structured development practices,Skipping testing completely,Avoiding collaboration,Never updating dependencies,A
141,Mobile App Development,Hard,Which approach best supports scalability in Mobile App Development?,Applying scalable and maintainable engineering practices,Hard-coding every component,Avoiding monitoring and testing,Ignoring security considerations,A
142,Mobile App Development,Hard,What is the main benefit of modular architecture in Mobile App Development?,Applying scalable and maintainable engineering practices,Hard-coding every component,Avoiding monitoring and testing,Ignoring security considerations,A
143,Mobile App Development,Hard,Which design principle is most applicable to advanced Mobile App Development systems?,Applying scalable and maintainable engineering practices,Hard-coding every component,Avoiding monitoring and testing,Ignoring security considerations,A
144,Mobile App Development,Hard,How can reliability be improved in large-scale Mobile App Development projects?,Applying scalable and maintainable engineering practices,Hard-coding every component,Avoiding monitoring and testing,Ignoring security considerations,A
145,Mobile App Development,Hard,Which factor is critical when optimizing Mobile App Development applications?,Applying scalable and maintainable engineering practices,Hard-coding every component,Avoiding monitoring and testing,Ignoring security considerations,A
146,Mobile App Development,Hard,What is a major challenge in enterprise-level Mobile App Development?,Applying scalable and maintainable engineering practices,Hard-coding every component,Avoiding monitoring and testing,Ignoring security considerations,A
147,Mobile App Development,Hard,Which strategy best supports secure Mobile App Development development?,Applying scalable and maintainable engineering practices,Hard-coding every component,Avoiding monitoring and testing,Ignoring security considerations,A
148,Mobile App Development,Hard,Why is observability important in complex Mobile App Development systems?,Applying scalable and maintainable engineering practices,Hard-coding every component,Avoiding monitoring and testing,Ignoring security considerations,A
149,Mobile App Development,Hard,Which approach helps reduce technical debt in Mobile App Development?,Applying scalable and maintainable engineering practices,Hard-coding every component,Avoiding monitoring and testing,Ignoring security considerations,A
150,Mobile App Development,Hard,What is a key characteristic of production-ready Mobile App Development solutions?,Applying scalable and maintainable engineering practices,Hard-coding every component,Avoiding monitoring and testing,Ignoring security considerations,A
151,Android Development,Easy,What is the primary goal of Android Development?,Learning core concepts and tools,Ignoring documentation,Avoiding practical projects,Working without planning,A
152,Android Development,Easy,Which technology is most commonly associated with Android Development?,Learning core concepts and tools,Ignoring documentation,Avoiding practical projects,Working without planning,A
153,Android Development,Easy,Which skill is most important for beginners in Android Development?,Learning core concepts and tools,Ignoring documentation,Avoiding practical projects,Working without planning,A
154,Android Development,Easy,What is a common tool used in Android Development?,Learning core concepts and tools,Ignoring documentation,Avoiding practical projects,Working without planning,A
155,Android Development,Easy,What does a beginner typically learn first in Android Development?,Learning core concepts and tools,Ignoring documentation,Avoiding practical projects,Working without planning,A
156,Android Development,Easy,Which of the following best describes Android Development?,Learning core concepts and tools,Ignoring documentation,Avoiding practical projects,Working without planning,A
157,Android Development,Easy,What is a basic concept in Android Development?,Learning core concepts and tools,Ignoring documentation,Avoiding practical projects,Working without planning,A
158,Android Development,Easy,Why is Android Development important in software projects?,Learning core concepts and tools,Ignoring documentation,Avoiding practical projects,Working without planning,A
159,Android Development,Easy,Which language is frequently used in Android Development?,Learning core concepts and tools,Ignoring documentation,Avoiding practical projects,Working without planning,A
160,Android Development,Easy,What is a common beginner project in Android Development?,Learning core concepts and tools,Ignoring documentation,Avoiding practical projects,Working without planning,A
161,Android Development,Medium,Which practice improves maintainability in Android Development projects?,Using structured development practices,Skipping testing completely,Avoiding collaboration,Never updating dependencies,A
162,Android Development,Medium,Which framework or tool is commonly used in Android Development?,Using structured development practices,Skipping testing completely,Avoiding collaboration,Never updating dependencies,A
163,Android Development,Medium,What is an important consideration when designing Android Development solutions?,Using structured development practices,Skipping testing completely,Avoiding collaboration,Never updating dependencies,A
164,Android Development,Medium,How can performance be improved in Android Development?,Using structured development practices,Skipping testing completely,Avoiding collaboration,Never updating dependencies,A
165,Android Development,Medium,Which workflow is commonly followed in Android Development projects?,Using structured development practices,Skipping testing completely,Avoiding collaboration,Never updating dependencies,A
166,Android Development,Medium,What is a key advantage of automation in Android Development?,Using structured development practices,Skipping testing completely,Avoiding collaboration,Never updating dependencies,A
167,Android Development,Medium,Which testing approach is relevant to Android Development?,Using structured development practices,Skipping testing completely,Avoiding collaboration,Never updating dependencies,A
168,Android Development,Medium,What is a common deployment strategy for Android Development applications?,Using structured development practices,Skipping testing completely,Avoiding collaboration,Never updating dependencies,A
169,Android Development,Medium,Why is version control important in Android Development?,Using structured development practices,Skipping testing completely,Avoiding collaboration,Never updating dependencies,A
170,Android Development,Medium,Which architectural pattern is often used in Android Development?,Using structured development practices,Skipping testing completely,Avoiding collaboration,Never updating dependencies,A
171,Android Development,Hard,Which approach best supports scalability in Android Development?,Applying scalable and maintainable engineering practices,Hard-coding every component,Avoiding monitoring and testing,Ignoring security considerations,A
172,Android Development,Hard,What is the main benefit of modular architecture in Android Development?,Applying scalable and maintainable engineering practices,Hard-coding every component,Avoiding monitoring and testing,Ignoring security considerations,A
173,Android Development,Hard,Which design principle is most applicable to advanced Android Development systems?,Applying scalable and maintainable engineering practices,Hard-coding every component,Avoiding monitoring and testing,Ignoring security considerations,A
174,Android Development,Hard,How can reliability be improved in large-scale Android Development projects?,Applying scalable and maintainable engineering practices,Hard-coding every component,Avoiding monitoring and testing,Ignoring security considerations,A
175,Android Development,Hard,Which factor is critical when optimizing Android Development applications?,Applying scalable and maintainable engineering practices,Hard-coding every component,Avoiding monitoring and testing,Ignoring security considerations,A
176,Android Development,Hard,What is a major challenge in enterprise-level Android Development?,Applying scalable and maintainable engineering practices,Hard-coding every component,Avoiding monitoring and testing,Ignoring security considerations,A
177,Android Development,Hard,Which strategy best supports secure Android Development development?,Applying scalable and maintainable engineering practices,Hard-coding every component,Avoiding monitoring and testing,Ignoring security considerations,A
178,Android Development,Hard,Why is observability important in complex Android Development systems?,Applying scalable and maintainable engineering practices,Hard-coding every component,Avoiding monitoring and testing,Ignoring security considerations,A
179,Android Development,Hard,Which approach helps reduce technical debt in Android Development?,Applying scalable and maintainable engineering practices,Hard-coding every component,Avoiding monitoring and testing,Ignoring security considerations,A
180,Android Development,Hard,What is a key characteristic of production-ready Android Development solutions?,Applying scalable and maintainable engineering practices,Hard-coding every component,Avoiding monitoring and testing,Ignoring security considerations,A
181,iOS Development,Easy,What is the primary goal of iOS Development?,Learning core concepts and tools,Ignoring documentation,Avoiding practical projects,Working without planning,A
182,iOS Development,Easy,Which technology is most commonly associated with iOS Development?,Learning core concepts and tools,Ignoring documentation,Avoiding practical projects,Working without planning,A
183,iOS Development,Easy,Which skill is most important for beginners in iOS Development?,Learning core concepts and tools,Ignoring documentation,Avoiding practical projects,Working without planning,A
184,iOS Development,Easy,What is a common tool used in iOS Development?,Learning core concepts and tools,Ignoring documentation,Avoiding practical projects,Working without planning,A
185,iOS Development,Easy,What does a beginner typically learn first in iOS Development?,Learning core concepts and tools,Ignoring documentation,Avoiding practical projects,Working without planning,A
186,iOS Development,Easy,Which of the following best describes iOS Development?,Learning core concepts and tools,Ignoring documentation,Avoiding practical projects,Working without planning,A
187,iOS Development,Easy,What is a basic concept in iOS Development?,Learning core concepts and tools,Ignoring documentation,Avoiding practical projects,Working without planning,A
188,iOS Development,Easy,Why is iOS Development important in software projects?,Learning core concepts and tools,Ignoring documentation,Avoiding practical projects,Working without planning,A
189,iOS Development,Easy,Which language is frequently used in iOS Development?,Learning core concepts and tools,Ignoring documentation,Avoiding practical projects,Working without planning,A
190,iOS Development,Easy,What is a common beginner project in iOS Development?,Learning core concepts and tools,Ignoring documentation,Avoiding practical projects,Working without planning,A
191,iOS Development,Medium,Which practice improves maintainability in iOS Development projects?,Using structured development practices,Skipping testing completely,Avoiding collaboration,Never updating dependencies,A
192,iOS Development,Medium,Which framework or tool is commonly used in iOS Development?,Using structured development practices,Skipping testing completely,Avoiding collaboration,Never updating dependencies,A
193,iOS Development,Medium,What is an important consideration when designing iOS Development solutions?,Using structured development practices,Skipping testing completely,Avoiding collaboration,Never updating dependencies,A
194,iOS Development,Medium,How can performance be improved in iOS Development?,Using structured development practices,Skipping testing completely,Avoiding collaboration,Never updating dependencies,A
195,iOS Development,Medium,Which workflow is commonly followed in iOS Development projects?,Using structured development practices,Skipping testing completely,Avoiding collaboration,Never updating dependencies,A
196,iOS Development,Medium,What is a key advantage of automation in iOS Development?,Using structured development practices,Skipping testing completely,Avoiding collaboration,Never updating dependencies,A
197,iOS Development,Medium,Which testing approach is relevant to iOS Development?,Using structured development practices,Skipping testing completely,Avoiding collaboration,Never updating dependencies,A
198,iOS Development,Medium,What is a common deployment strategy for iOS Development applications?,Using structured development practices,Skipping testing completely,Avoiding collaboration,Never updating dependencies,A
199,iOS Development,Medium,Why is version control important in iOS Development?,Using structured development practices,Skipping testing completely,Avoiding collaboration,Never updating dependencies,A
200,iOS Development,Medium,Which architectural pattern is often used in iOS Development?,Using structured development practices,Skipping testing completely,Avoiding collaboration,Never updating dependencies,A
201,iOS Development,Hard,Which approach best supports scalability in iOS Development?,Applying scalable and maintainable engineering practices,Hard-coding every component,Avoiding monitoring and testing,Ignoring security considerations,A
202,iOS Development,Hard,What is the main benefit of modular architecture in iOS Development?,Applying scalable and maintainable engineering practices,Hard-coding every component,Avoiding monitoring and testing,Ignoring security considerations,A
203,iOS Development,Hard,Which design principle is most applicable to advanced iOS Development systems?,Applying scalable and maintainable engineering practices,Hard-coding every component,Avoiding monitoring and testing,Ignoring security considerations,A
204,iOS Development,Hard,How can reliability be improved in large-scale iOS Development projects?,Applying scalable and maintainable engineering practices,Hard-coding every component,Avoiding monitoring and testing,Ignoring security considerations,A
205,iOS Development,Hard,Which factor is critical when optimizing iOS Development applications?,Applying scalable and maintainable engineering practices,Hard-coding every component,Avoiding monitoring and testing,Ignoring security considerations,A
206,iOS Development,Hard,What is a major challenge in enterprise-level iOS Development?,Applying scalable and maintainable engineering practices,Hard-coding every component,Avoiding monitoring and testing,Ignoring security considerations,A
207,iOS Development,Hard,Which strategy best supports secure iOS Development development?,Applying scalable and maintainable engineering practices,Hard-coding every component,Avoiding monitoring and testing,Ignoring security considerations,A
208,iOS Development,Hard,Why is observability important in complex iOS Development systems?,Applying scalable and maintainable engineering practices,Hard-coding every component,Avoiding monitoring and testing,Ignoring security considerations,A
209,iOS Development,Hard,Which approach helps reduce technical debt in iOS Development?,Applying scalable and maintainable engineering practices,Hard-coding every component,Avoiding monitoring and testing,Ignoring security considerations,A
210,iOS Development,Hard,What is a key characteristic of production-ready iOS Development solutions?,Applying scalable and maintainable engineering practices,Hard-coding every component,Avoiding monitoring and testing,Ignoring security considerations,A
211,Desktop Application Development,Easy,What is the primary goal of Desktop Application Development?,Learning core concepts and tools,Ignoring documentation,Avoiding practical projects,Working without planning,A
212,Desktop Application Development,Easy,Which technology is most commonly associated with Desktop Application Development?,Learning core concepts and tools,Ignoring documentation,Avoiding practical projects,Working without planning,A
213,Desktop Application Development,Easy,Which skill is most important for beginners in Desktop Application Development?,Learning core concepts and tools,Ignoring documentation,Avoiding practical projects,Working without planning,A
214,Desktop Application Development,Easy,What is a common tool used in Desktop Application Development?,Learning core concepts and tools,Ignoring documentation,Avoiding practical projects,Working without planning,A
215,Desktop Application Development,Easy,What does a beginner typically learn first in Desktop Application Development?,Learning core concepts and tools,Ignoring documentation,Avoiding practical projects,Working without planning,A
216,Desktop Application Development,Easy,Which of the following best describes Desktop Application Development?,Learning core concepts and tools,Ignoring documentation,Avoiding practical projects,Working without planning,A
217,Desktop Application Development,Easy,What is a basic concept in Desktop Application Development?,Learning core concepts and tools,Ignoring documentation,Avoiding practical projects,Working without planning,A
218,Desktop Application Development,Easy,Why is Desktop Application Development important in software projects?,Learning core concepts and tools,Ignoring documentation,Avoiding practical projects,Working without planning,A
219,Desktop Application Development,Easy,Which language is frequently used in Desktop Application Development?,Learning core concepts and tools,Ignoring documentation,Avoiding practical projects,Working without planning,A
220,Desktop Application Development,Easy,What is a common beginner project in Desktop Application Development?,Learning core concepts and tools,Ignoring documentation,Avoiding practical projects,Working without planning,A
221,Desktop Application Development,Medium,Which practice improves maintainability in Desktop A
<truncated 306408 bytes>

NOTE: The output was truncated because it was too long. Use a more targeted query or a smaller range to get the information you need.